basin_id;basin_name;population;jan;feb;mar;apr;may;jun;jul;aug;sep;oct;nov;dec;average;low;moderate;significant;severe
1;Khatanga;4633;0.0028;0.0748;0.1238;0.2050;0.0198;0.0002;0.0003;0.0006;0.0010;0.0018;0.0030;0.0050;0.0365;12;0;0;0
2;Olenek;5960;0.0046;0.0353;0.0585;0.0968;0.0086;0.0003;0.0010;0.0018;0.0030;0.0051;0.0084;0.0140;0.0198;12;0;0;0
3;Anabar;1402;0.0025;0.0155;0.0257;0.0425;0.0704;0.0003;0.0006;0.0013;0.0022;0.0037;0.0062;0.0102;0.0151;12;0;0;0
4;Yana;24517;0.0259;0.3188;0.5276;0.8731;0.1459;0.0031;0.0034;0.0061;0.0127;0.0210;0.0347;0.0575;0.1691;12;0;0;0
5;Yenisei;8453280;0.4340;9.4345;15.4851;1.4567;0.2070;0.2701;0.4066;0.4410;0.3377;0.3749;0.4938;0.8021;2.5119;12;0;0;0
6;Indigirka;41777;0.0208;0.2202;0.3645;0.6032;0.0877;0.0024;0.0027;0.0058;0.0109;0.0182;0.0301;0.0498;0.1180;12;0;0;0
7;Lena;1284810;0.0771;1.8572;3.0693;3.3623;0.0140;0.0098;0.0145;0.0196;0.0228;0.0510;0.0845;0.1400;0.7268;12;0;0;0
8;Omoloy;2881;0.1015;4.0716;6.7148;11.0455;18.0938;0.0064;0.0098;0.0212;0.0371;0.0624;0.1034;0.1712;3.3699;12;0;0;0
9;Tana (NO. FI);6523;0.1020;675.0062;675.2675;675.4256;0.0026;0.0094;0.0160;0.0265;0.0337;0.0491;0.0940;0.1556;168.85;9;0;0;3
10;Colville;980;0.0134;1.8170;3.0031;4.9577;0.0546;0.0013;0.0013;0.0024;0.0043;0.0077;0.0127;0.0210;0.8247;12;0;0;0
11;Alazeya;6649;0.0342;0.2015;0.3336;0.5521;0.9136;0.0033;0.0113;0.0200;0.0332;0.0549;0.0909;0.1506;0.1999;12;0;0;0
12;Anderson;90;0.0055;0.8612;1.4246;2.3554;0.0001;0.0004;0.0007;0.0011;0.0019;0.0031;0.0052;0.0086;0.3890;12;0;0;0
13;Kolyma;138225;0.0352;0.8134;1.3456;2.2250;0.0245;0.0051;0.0036;0.0082;0.0125;0.0235;0.0389;0.0643;0.3833;12;0;0;0
14;Tuloma;209338;2.1008;17.0752;27.8103;44.8351;0.1147;0.3631;0.6625;1.1014;1.6666;1.6387;3.5976;5.9357;8.9085;12;0;0;0
15;Muonio;57777;0.3821;4.1849;6.9009;0.2570;0.0274;0.0495;0.0733;0.1416;0.1864;0.2935;0.5410;0.8952;1.1611;12;0;0;0
16;Yukon ;130852;0.0732;1.4055;2.3239;0.3885;0.0081;0.0089;0.0138;0.0228;0.0291;0.0475;0.0846;0.1396;0.3788;12;0;0;0
17;Palyavaam;7831;0.0697;623.8062;643.3724;655.8221;663.5607;0.0039;0.0072;0.0141;0.0209;0.0388;0.0642;0.1064;215.57;8;0;0;4
18;Kemijoki;148981;0.3310;50.0359;79.0074;0.2714;0.0179;0.0659;0.1106;0.1725;0.1490;0.1180;0.3123;0.5168;10.926;12;0;0;0
19;Mackenzie ;494118;0.2929;18.9941;30.8799;0.1944;0.0244;0.0237;0.0397;0.0741;0.1116;0.1636;0.2882;0.4740;4.2967;12;0;0;0
20;Noatak ;2044;0.0331;6.2836;10.3406;16.9507;0.0129;0.0026;0.0047;0.0083;0.0082;0.0188;0.0311;0.0514;2.8122;12;0;0;0
21;Anadyr;11240;0.0090;8.3700;13.7465;22.4602;0.0043;0.0005;0.0010;0.0019;0.0026;0.0050;0.0083;0.0138;3.7186;12;0;0;0
22;Pechora;605994;0.2334;18.4129;29.9508;0.3960;0.0098;0.0148;0.0353;0.0596;0.0730;0.1290;0.2257;0.3736;4.1595;12;0;0;0
23;Lule;35562;0.1025;32.5938;52.3104;0.0287;0.0083;0.0085;0.0169;0.0289;0.0337;0.0470;0.0956;0.1582;7.1194;12;0;0;0
24;Kalixaelven;35032;0.3964;4.7001;7.7466;0.0799;0.0251;0.0410;0.0883;0.1529;0.2255;0.2618;0.5390;0.8919;1.2624;12;0;0;0
25;Ob;29372200;4.0137;140.4324;204.6547;0.5929;1.0247;2.9250;7.2572;9.7862;6.6400;3.6580;4.1680;6.6834;32.653;10;1;0;1
26;Ellice;0;0.0000;0.0000;0.0000;0.0000;0.0000;0.0000;0.0000;0.0000;0.0000;0.0000;0.0000;0.0000;0.0000;12;0;0;0
27;Taz;15085;0.0144;2.3835;3.9372;6.4939;0.0011;0.0006;0.0020;0.0033;0.0045;0.0082;0.0136;0.0225;1.0737;12;0;0;0
28;Kobuk ;2198;0.0264;0.1753;0.2902;0.4803;0.0027;0.0051;0.0090;0.0149;0.0164;0.0349;0.0578;0.0956;0.1007;12;0;0;0
29;Coppermine;431;0.0499;11.7395;19.2179;31.2356;0.0037;0.0020;0.0058;0.0103;0.0171;0.0282;0.0468;0.0774;5.2028;12;0;0;0
30;Hayes(Trib. Arctic Ocean);0;0.0000;0.0000;0.0000;0.0000;0.0000;0.0000;0.0000;0.0000;0.0000;0.0000;0.0000;0.0000;0.0000;12;0;0;0
31;Pur;196795;0.2516;675.6757;675.6757;675.6757;0.0259;0.0123;0.0404;0.0667;0.0643;0.1400;0.2318;0.3836;169.02;9;0;0;3
32;Varzuga;4145;0.0832;675.6757;675.6757;675.6757;0.0057;0.0208;0.0356;0.0589;0.0349;0.0280;0.0766;0.1269;168.96;9;0;0;3
33;Ponoy;3407;0.0254;675.6757;675.6757;675.6757;0.0020;0.0074;0.0126;0.0181;0.0120;0.0082;0.0234;0.0387;168.93;9;0;0;3
34;Kovda;33176;1.0261;675.6757;675.6757;675.6757;0.0356;0.1121;0.2062;0.3396;0.4410;0.4030;0.9453;1.5637;169.34;9;0;0;3
35;Back;11;0.0001;675.6757;675.6757;675.6757;0.0000;0.0000;0.0000;0.0000;0.0000;0.0001;0.0001;0.0002;168.92;9;0;0;3
36;Kem;75620;0.3140;135.2620;197.9660;0.0280;0.0189;0.0546;0.0945;0.1508;0.1719;0.1061;0.2914;0.4823;27.912;10;1;1;0
37;Nadym;43644;0.1079;207.2609;285.6964;370.3467;0.0092;0.0056;0.0176;0.0283;0.0275;0.0601;0.0995;0.1647;71.985;9;0;0;3
38;Quoich ;0;0.0000;0.0000;0.0000;0.0000;0.0000;0.0000;0.0000;0.0000;0.0000;0.0000;0.0000;0.0000;0.0000;12;0;0;0
39;Mezen;42092;0.1069;8.8700;14.5605;0.0102;0.0038;0.0103;0.0192;0.0319;0.0499;0.0460;0.1032;0.1708;1.9985;12;0;0;0
40;Iijoki;62828;0.7374;675.6757;675.6757;0.0524;0.0697;0.1756;0.2987;0.4619;0.4464;0.2317;0.6793;1.1239;112.97;10;0;0;2
41;Joekulsa A Fjoellum;762;0.0150;675.6757;675.6757;0.1984;0.0015;0.0019;0.0048;0.0076;0.0077;0.0051;0.0137;0.0229;112.64;10;0;0;2
42;Svarta. Skagafiroi;2060;0.0554;675.6757;0.1037;0.0246;0.0084;0.0077;0.0206;0.0342;0.0400;0.0200;0.0442;0.0845;56.343;11;0;0;1
43;Oulujoki;196925;0.9418;194.5674;270.9785;0.0403;0.1309;0.2469;0.4362;0.7037;0.5771;0.3101;0.8793;1.4547;39.272;10;0;1;1
44;Lagarfljot;3054;0.0400;675.6757;675.6757;0.2021;0.0038;0.0061;0.0139;0.0195;0.0175;0.0146;0.0352;0.0609;112.65;10;0;0;2
45;Thelon ;2168;0.0151;104.2937;156.8097;225.3312;0.0012;0.0007;0.0021;0.0036;0.0043;0.0084;0.0140;0.0231;40.542;9;1;1;1
46;Angerman;66555;0.1709;108.7415;162.8558;0.0146;0.0167;0.0219;0.0476;0.0704;0.0768;0.0615;0.1582;0.2619;22.708;10;1;1;0
47;Thjorsa;1985;0.0065;0.0826;0.0299;0.0024;0.0016;0.0021;0.0041;0.0047;0.0041;0.0033;0.0057;0.0095;0.0130;12;0;0;0
48;Northern Dvina(Severnaya Dvina);1718380;1.5931;46.3197;73.3917;0.0365;0.0942;0.2056;0.3492;0.5502;0.8113;0.7758;1.6744;2.7678;10.714;12;0;0;0
49;Oelfusa;7587;0.0296;675.6757;0.0347;0.0065;0.0162;0.0163;0.0198;0.0281;0.0238;0.0170;0.0258;0.0350;56.327;11;0;0;1
50;Nizhny Vyg (Soroka);86906;0.3985;675.6757;675.6757;0.0151;0.0507;0.0888;0.1487;0.2461;0.1958;0.1314;0.3671;0.6075;112.80;10;0;0;2
51;Kuskokwim ;11404;0.0227;20.4901;33.2636;53.3575;0.0018;0.0037;0.0053;0.0053;0.0054;0.0120;0.0210;0.0347;8.9353;12;0;0;0
52;Vuoksi;750077;2.4651;675.6757;675.6757;0.0784;0.2890;0.5207;0.9400;1.6671;1.6837;0.8682;2.1329;3.7524;113.8124;10;0;0;2
53;Onega;176080;0.7413;59.1222;92.5763;0.0157;0.0561;0.1120;0.1881;0.2819;0.3877;0.2997;0.7102;1.1819;12.9728;12;0;0;0
54;Susitna ;30093;0.0600;34.0115;54.5130;0.0210;0.0113;0.0107;0.0156;0.0188;0.0158;0.0279;0.0557;0.0921;7.4044;12;0;0;0
55;Kymijoki;587655;3.4503;675.6757;675.6757;0.1406;0.5170;0.9373;1.6307;2.9313;3.3671;2.1029;2.0639;5.2481;114.4784;10;0;0;2
56;Neva;4244810;3.3585;378.5483;458.3735;0.1251;0.5531;1.1039;1.6824;2.9494;2.6044;1.5526;2.3799;5.1865;71.5348;10;0;0;2
57;Ferguson ;7;0.0006;675.6757;675.6757;675.6757;675.6757;0.0000;0.0001;0.0001;0.0002;0.0003;0.0005;0.0008;225.2254;8;0;0;4
58;Copper;4949;0.0114;675.6757;675.6757;0.7201;0.0017;0.0012;0.0017;0.0030;0.0031;0.0056;0.0105;0.0174;112.6773;10;0;0;2
59;Gloma;759489;1.5345;675.6757;72.0236;0.2514;0.2825;0.4131;1.0384;1.5595;0.7779;0.6430;1.2754;2.3375;63.1510;11;0;0;1
60;Kokemaenjoki;773376;3.6118;531.9680;580.8959;0.2335;0.8757;1.6857;3.0361;5.7593;7.2883;5.6361;1.7038;5.5237;95.6848;10;0;0;2
61;Vaenern-Goeta;1485740;1.1060;407.7808;0.5864;0.2466;0.6221;1.1629;2.1068;2.2544;1.7350;0.8982;0.8196;1.2777;35.0497;11;0;0;1
62;Thlewiaza ;52;0.0019;0.0168;0.0279;0.0462;0.0001;0.0003;0.0005;0.0008;0.0009;0.0018;0.0030;0.0050;0.0088;12;0;0;0
63;Alsek;1032;0.0115;675.6757;675.6757;0.0056;0.0013;0.0012;0.0030;0.0045;0.0034;0.0048;0.0106;0.0175;112.6179;10;0;0;2
64;Volga;61273800;18.7675;394.2596;77.6644;0.5405;5.9489;13.9749;32.6405;44.8040;25.8475;12.5620;19.0591;30.5202;56.3824;11;0;0;1
65;Dramselv;282181;1.2364;675.6757;3.3103;0.2605;0.2243;0.2948;0.7559;0.6801;0.4876;0.5076;1.0535;1.8838;57.1975;11;0;0;1
66;Arnaud;0;0.0000;0.0000;0.0000;0.0000;0.0000;0.0000;0.0000;0.0000;0.0000;0.0000;0.0000;0.0000;0.0000;12;0;0;0
67;Nushagak ;1469;0.0072;675.6757;675.6757;0.0028;0.0008;0.0021;0.0036;0.0029;0.0024;0.0027;0.0066;0.0110;112.6161;10;0;0;2
68;Seal ;1075;0.0284;2.2860;3.7765;6.2298;0.0010;0.0025;0.0049;0.0083;0.0086;0.0149;0.0275;0.0455;1.0362;12;0;0;0
69;Taku ;1896;0.0137;675.6757;675.6757;0.0073;0.0024;0.0026;0.0057;0.0075;0.0057;0.0047;0.0126;0.0209;112.6195;10;0;0;2
70;Narva;1216700;1.1267;675.6757;675.6757;0.1333;0.4887;0.8989;1.5987;2.7350;2.4014;1.0986;0.5488;1.7169;113.6749;10;0;0;2
71;Stikine ;1568;0.0027;0.0083;0.0098;0.0030;0.0005;0.0004;0.0009;0.0013;0.0013;0.0015;0.0026;0.0036;0.0030;12;0;0;0
72;Churchill;90521;0.3832;15.0663;24.5885;0.1000;0.0310;0.0486;0.1009;0.1790;0.1798;0.1929;0.3980;0.6467;3.4929;12;0;0;0
73;Feuilles (Riviere Aux);0;0.0000;0.0000;0.0000;0.0000;0.0000;0.0000;0.0000;0.0000;0.0000;0.0000;0.0000;0.0000;0.0000;12;0;0;0
74;George ;32;0.0001;675.6757;675.6757;675.6757;0.0000;0.0000;0.0000;0.0000;0.0000;0.0001;0.0001;0.0002;168.9190;9;0;0;3
75;Caniapiscau;921;0.0013;3.5727;5.8949;9.7045;0.0002;0.0002;0.0005;0.0005;0.0005;0.0005;0.0012;0.0020;1.5983;12;0;0;0
76;Western Dvina (Daugava);2722530;1.8779;675.6757;675.6757;0.1683;0.8318;1.3203;2.1295;3.9982;4.1818;1.7154;0.9372;2.8599;114.2810;10;0;0;2
77;Aux Melezes;0;0.0000;0.0001;0.0001;0.0002;0.0000;0.0000;0.0000;0.0000;0.0000;0.0000;0.0000;0.0000;0.0000;12;0;0;0
78;Baleine. Grande Riviere De La;0;0.0000;0.0000;0.0000;0.0000;0.0000;0.0000;0.0000;0.0000;0.0000;0.0000;0.0000;0.0000;0.0000;12;0;0;0
79;Spey;33166;0.0276;0.0648;0.0754;0.0967;0.1335;0.2276;0.3020;0.2516;0.1623;0.0838;0.0536;0.0452;0.1270;12;0;0;0
80;Kamchatka;25845;0.0354;675.6757;675.6757;675.6757;0.0025;0.0034;0.0045;0.0094;0.0128;0.0158;0.0326;0.0540;168.9331;9;0;0;3
81;Nass ;2984;0.0095;675.6757;0.0123;0.0029;0.0017;0.0022;0.0049;0.0066;0.0054;0.0038;0.0070;0.0144;56.3122;11;0;0;1
82;Skeena ;44896;0.1392;675.6757;0.1440;0.0334;0.0170;0.0210;0.0487;0.0746;0.0774;0.0649;0.0988;0.2122;56.3839;11;0;0;1
83;Nelson ;5565740;10.6111;445.2628;517.9683;1.6745;4.3406;6.7529;22.0372;53.1586;30.7679;13.2025;15.3836;18.1928;94.9461;10;0;0;2
84;Hayes(Trib. Hudson Bay);14490;0.1425;6.8887;11.3298;18.5545;0.0069;0.0128;0.0236;0.0436;0.0607;0.0662;0.1425;0.2359;3.1256;12;0;0;0
85;Gudena;450260;0.7725;1.7341;1.9385;2.6081;14.0339;59.5984;112.0430;88.2416;34.2315;3.5815;1.6054;1.2729;26.8051;11;1;0;0
86;Skjern A;165149;0.2051;0.5425;0.5953;0.8109;2.9862;23.6276;71.7729;25.0077;2.3335;0.4362;0.3745;0.3153;10.7506;12;0;0;0
87;Neman;5486880;3.0800;675.6757;0.8975;0.2769;1.3269;2.4125;3.9804;8.6425;9.0307;5.0106;1.4274;4.6861;59.7039;11;0;0;1
88;Fraser ;1293950;1.0887;4.1076;1.8251;0.3172;0.2112;0.3932;1.0526;2.0592;1.9651;1.2463;1.3723;1.7180;1.4464;12;0;0;0
89;Severn(Trib. Hudson Bay);6792;0.0383;675.6757;675.6757;0.0234;0.0028;0.0068;0.0125;0.0196;0.0159;0.0134;0.0353;0.0584;112.6315;10;0;0;2
90;Amur;66165300;2.3397;521.2252;583.0320;5.2005;13.2247;21.5499;13.8500;7.6117;5.1800;1.6269;2.4543;3.7789;98.4228;10;0;0;2
91;Tweed;410100;0.2833;0.6803;0.7247;1.0310;1.4757;2.3049;3.6323;3.2983;2.0209;0.9507;0.5236;0.4457;1.4476;12;0;0;0
92;Grande Riviere De La Baleine;558;0.0039;675.6757;675.6757;675.6757;0.0006;0.0009;0.0016;0.0017;0.0015;0.0014;0.0036;0.0059;168.9207;9;0;0;3
93;Grande Riviere;1489;0.0018;5.7732;9.5054;15.5940;0.0002;0.0005;0.0008;0.0008;0.0007;0.0006;0.0017;0.0028;2.5735;12;0;0;0
94;Winisk ;6079;0.0228;9.8254;16.1141;0.0059;0.0020;0.0046;0.0083;0.0137;0.0086;0.0082;0.0212;0.0351;2.1725;12;0;0;0
95;Churchill. Fleuve (Labrador);8629;0.0169;675.6757;675.6757;675.6757;0.0019;0.0026;0.0048;0.0061;0.0063;0.0064;0.0156;0.0258;168.9261;9;0;0;3
96;Dniepr;33021400;34.2662;644.7999;2.9522;1.8461;14.6912;31.8020;64.5964;95.0040;78.3234;40.3521;20.2612;49.4290;89.8603;11;0;0;1
97;Ural;4062630;11.9059;675.6757;23.3896;1.3940;18.1114;52.6754;129.1008;160.5030;107.4429;53.2321;7.6609;17.9977;104.9241;8;2;1;1
98;Wisla;23550100;22.6110;565.7106;1.6714;3.1849;5.9859;10.3701;15.0563;25.8574;32.2579;28.8399;18.5007;25.2522;62.9415;11;0;0;1
99;Don;20897900;64.4618;675.6757;4.7994;3.6403;44.5117;98.6588;173.9061;221.6794;155.5283;87.4480;47.4902;93.6223;139.2852;8;0;2;2
100;Oder ;16525600;14.5180;8.0910;2.5429;4.5794;7.8959;12.7310;21.5003;33.8586;40.1718;33.2572;23.9127;14.3275;18.1155;12;0;0;0
101;Elbe;22408100;7.8282;8.6254;4.5717;6.2122;10.5238;16.7054;31.3110;47.9542;53.0333;29.1750;15.3961;12.0486;20.2821;12;0;0;0
102;Trent;4841180;2.7855;5.2313;6.3598;9.0636;14.9442;29.3306;70.0186;73.5479;53.5746;29.1935;9.7287;4.7846;25.7136;12;0;0;0
103;Weser;8503490;2.6750;4.6770;4.9551;6.7554;10.6979;17.1769;28.9395;37.6986;30.4952;12.0798;5.8649;4.0944;13.8425;12;0;0;0
104;Attawapiskat;1414;0.0388;675.6757;675.6757;675.6757;0.0022;0.0077;0.0133;0.0220;0.0135;0.0144;0.0358;0.0592;168.9362;9;0;0;3
105;Eastmain;441;0.0012;675.6757;675.6757;0.0006;0.0002;0.0003;0.0005;0.0006;0.0005;0.0004;0.0011;0.0019;112.6132;10;0;0;2
106;Manicouagan (Riviere);13858;0.0370;133.5983;195.8103;0.0883;0.0053;0.0067;0.0126;0.0156;0.0144;0.0133;0.0341;0.0564;27.4744;10;1;1;0
107;Columbia;6607400;1.4323;1.5659;4.3253;11.1100;13.1125;31.3598;91.9018;124.6989;105.6750;56.3217;9.7105;2.6495;37.8219;10;2;0;0
108;Little Mecatina ;148;0.0011;675.6757;675.6757;675.6757;0.0001;0.0002;0.0003;0.0005;0.0005;0.0004;0.0010;0.0017;168.9194;9;0;0;3
109;Natashquan (Riviere);512;0.0059;675.6757;675.6757;0.0110;0.0005;0.0011;0.0014;0.0021;0.0025;0.0022;0.0054;0.0090;112.6160;10;0;0;2
110;Rhine;56921700;4.6416;7.9885;7.5579;6.4193;8.4413;11.5801;15.2490;21.0493;18.8882;13.7944;9.3442;7.3141;11.0223;12;0;0;0
111;Albany;19183;0.0789;597.3591;626.0996;0.0076;0.0070;0.0168;0.0300;0.0493;0.0361;0.0264;0.0726;0.1203;101.9920;10;0;0;2
112;Saguenay (Riviere);317070;0.5263;675.6757;675.6757;0.0929;0.0934;0.1356;0.2130;0.2603;0.2245;0.1817;0.4805;0.8023;112.8635;10;0;0;2
113;Thames;9674080;5.2995;8.5971;10.6581;16.2026;28.2215;50.2499;82.6659;125.7066;181.2369;209.5284;29.2017;9.7392;63.1089;9;1;1;1
114;Nottaway;43834;0.0669;675.6757;675.6757;0.0109;0.0092;0.0192;0.0283;0.0343;0.0288;0.0233;0.0601;0.1021;112.6445;10;0;0;2
115;Rupert ;405;0.0043;675.6757;675.6757;0.0017;0.0004;0.0011;0.0017;0.0020;0.0018;0.0015;0.0040;0.0066;112.6147;10;0;0;2
116;Moose(Trib. Hudson Bay);122363;0.4077;675.6757;675.6757;0.0360;0.0411;0.0958;0.1636;0.2582;0.1910;0.1348;0.3756;0.6216;112.8064;10;0;0;2
117;St.Lawrence;67620200;13.8419;545.4291;6.4715;1.4581;3.9896;7.0685;13.7168;21.6552;15.6380;9.5709;8.3692;19.7123;55.5768;11;0;0;1
118;Danube;81752800;5.6244;6.6650;2.9345;3.1165;6.4612;11.1859;22.7457;30.7838;21.0441;9.6610;5.7948;6.8744;11.0743;12;0;0;0
119;Seine;15598100;6.7525;9.2895;10.6471;14.7092;29.5846;61.1069;146.8458;256.4547;287.9891;120.9339;33.2525;13.6047;82.5975;8;2;0;2
120;Dniestr;7441530;16.9121;517.4823;2.2002;4.0546;22.5723;35.4739;38.0277;90.1716;61.9030;16.2897;9.8951;25.3527;70.0279;11;0;0;1
121;Southern Bug;3142420;76.8793;375.9074;1.6215;4.5917;27.5152;55.2275;121.7122;181.4849;137.4037;96.9215;110.9800;165.0687;112.9428;6;3;2;1
122;Mississippi ;74637300;2.9783;4.1585;4.7636;8.2060;15.4080;32.2782;136.4669;234.3489;230.0058;110.5027;16.9867;6.5933;66.8914;8;2;0;2
123;Skagit ;84033;0.2254;0.6255;0.1476;0.1228;0.2240;0.9245;2.5482;4.4518;3.7794;0.5276;0.2854;0.3571;1.1850;12;0;0;0
124;Aral Drainage;41542800;10.1457;5.7845;7.8255;29.3549;48.4753;106.2356;238.9880;344.5198;377.8139;297.5714;83.9983;32.5417;131.9379;7;1;0;4
125;Loire;7807270;2.0347;2.9200;3.0338;4.1613;8.7043;22.0751;88.0863;177.2334;156.5951;30.3008;6.3309;3.5496;42.0854;10;0;2;0
126;Rhone;10014800;1.9397;4.2390;2.5139;2.5347;3.7094;6.5279;26.2119;33.9993;15.8360;4.6164;2.7481;2.7533;8.9691;12;0;0;0
127;Saint John ;413278;0.8368;675.6757;675.6757;0.0966;0.2889;0.4470;0.8344;1.8331;1.0692;0.5952;0.4497;1.2754;113.2565;10;0;0;2
128;Po;17513200;4.7853;10.2335;5.9323;3.9838;9.8874;22.7836;105.0241;129.6094;45.6243;9.0951;5.8769;7.1624;29.9998;10;2;0;0
129;Penobscot ;154142;0.5841;675.6757;0.7938;0.0689;0.2043;0.3174;0.5901;1.1616;0.9795;0.5628;0.2884;0.8904;56.8431;11;0;0;1
130;St.Croix ;20303;0.3522;675.6757;675.6757;0.0416;0.1264;0.2065;0.3771;0.6663;0.7005;0.3598;0.1702;0.5370;112.9074;10;0;0;2
131;Kuban;3470690;3.2577;2.5768;1.9744;2.4240;19.8129;50.4537;104.5573;100.3110;29.8801;10.4852;6.2496;5.2503;28.1027;10;2;0;0
132;Connecticut;2068580;5.6187;675.6757;1.6846;1.0599;2.1486;3.9526;6.4447;8.2932;6.9942;5.0139;3.0912;7.8939;60.6559;11;0;0;1
133;Liao He;30133000;19.1097;675.6757;99.6168;127.1244;304.8617;439.0090;209.7096;83.6845;89.6144;17.9521;21.2823;33.5319;176.7643;7;1;0;4
134;Garonne;3327680;1.5666;2.5558;2.5616;2.9311;5.3458;17.5111;143.1932;242.9600;197.4104;34.5109;5.1475;2.5532;54.8539;9;1;1;1
135;Ishikari;1941950;1.8794;675.6757;675.6757;0.3707;0.8807;6.7579;9.5823;12.7697;4.9059;1.3908;1.0900;2.8622;116.1534;10;0;0;2
136;Merrimack ;2246250;14.9354;675.6757;1.8026;3.1904;5.5582;9.2252;15.5636;24.5880;26.8594;15.7829;7.2716;22.5172;68.5808;11;0;0;1
137;Hudson ;4379560;9.8465;375.0408;2.2004;1.9893;3.6258;6.0957;9.9765;14.6175;13.6265;9.4600;5.5863;13.5255;38.7992;11;0;0;1
138;Colorado(Pacific Ocean);7754730;79.7069;396.3014;175.3947;76.3586;58.3344;96.4685;181.7437;237.4291;265.6072;247.9226;206.4792;190.5687;184.3596;4;0;3;5
139;Klamath ;137158;0.1155;0.0972;0.1234;4.7205;20.3720;60.6751;126.1271;166.7335;168.2307;98.2703;3.1524;0.2325;54.0708;9;1;2;0
140;Ebro;2922480;0.5714;1.9458;8.3717;13.6356;23.4459;84.4004;246.5271;307.8509;237.5284;61.2230;6.4230;1.1610;82.7570;9;0;0;3
141;Rogue ;259989;0.6043;0.6053;0.7514;2.4764;9.3018;33.4833;71.4001;96.2397;100.8183;59.3425;3.1487;1.2811;31.6211;11;1;0;0
142;Douro;3744450;0.7518;1.2841;2.4637;6.8841;18.1437;100.8852;286.0590;374.5032;300.3399;106.2433;6.7914;1.7837;100.5111;7;2;0;3
143;Susquehanna ;4004120;4.8504;8.1816;1.1518;1.7254;2.6861;4.4109;8.0755;13.0251;13.1681;7.8524;4.0634;6.1172;6.2757;12;0;0;0
144;Luan He;11171900;40.6013;675.6757;669.8436;659.1398;538.3246;529.2606;99.7530;85.0840;110.4373;87.8970;37.9980;48.9623;298.5814;6;1;0;5
145;Kura;13773500;23.5702;82.3959;75.5428;46.5739;37.5081;94.0909;192.7674;289.2142;249.1927;109.1950;38.6577;46.1282;107.0697;8;1;1;2
146;Dalinghe;4434800;32.7215;675.6757;530.5943;374.7101;500.5914;607.4404;297.5394;47.6497;64.7698;24.2975;35.4255;54.6333;270.5040;6;0;0;6
147;Delaware;6415590;9.8284;20.1188;3.9736;7.2174;9.5669;17.7733;26.4605;30.6618;28.3452;21.3289;11.4869;12.4629;16.6021;12;0;0;0
148;Sacramento ;3015150;1.4176;1.2443;3.8990;28.4117;106.4581;260.8481;385.5495;458.4496;461.8997;293.4702;59.1489;5.4137;172.1842;6;1;0;5
149;Huang He (Yellow River);160715000;40.2741;606.9570;512.0211;413.0700;260.2670;186.7782;168.1211;110.1254;49.9929;36.9866;30.8125;48.9252;205.3609;5;1;2;4
150;Kizilirmak;4460330;10.6316;2.5429;2.9622;8.1919;37.8241;104.9648;174.7334;262.3530;268.1615;186.0780;89.5153;21.0046;97.4136;7;1;2;2
151;Yongding He;91200200;286.2163;675.6757;675.6756;675.5242;671.3816;671.1957;532.7863;402.4871;476.1050;398.2000;276.7953;351.9047;507.8290;0;0;0;12
152;Tejo;6898760;2.0697;3.2608;4.6354;11.5790;30.5276;134.1858;305.5540;387.2062;342.8249;203.7484;51.8405;4.7565;123.5157;7;1;0;4
153;Sakarya;5654860;7.7009;2.6484;3.6381;17.7389;93.9823;202.0147;318.9012;432.3547;448.7133;363.6168;185.3198;39.4876;176.3430;6;0;1;5
154;Eel (Calif.);37126;0.0689;0.0748;0.1016;0.2175;1.0821;3.1752;6.8418;9.4333;10.9481;6.0815;6.0945;0.1623;3.6901;12;0;0;0
155;Tigris & Euphrates;49255700;6.6195;21.6357;61.6492;99.2464;177.5861;235.8823;314.8527;396.0092;402.1457;336.9194;92.9189;17.3580;180.2353;6;0;1;5
156;Potomac ;3494420;6.3034;7.3461;5.0191;6.3696;9.4937;15.0985;26.7116;39.9776;49.3820;40.9168;21.8213;11.3635;19.9836;12;0;0;0
157;Guadiana;1600650;5.2463;8.1340;16.3023;45.3729;138.9251;367.7714;524.6432;571.3846;547.3274;453.6875;209.0782;99.0733;248.9122;5;1;0;6
158;Kitakami;1280540;1.5433;6.1761;0.7860;0.9873;1.3481;6.7558;16.4070;38.8480;22.7465;2.5269;1.2858;2.0159;8.4522;12;0;0;0
159;Mogami;1118180;0.9595;1.1238;0.8954;1.2132;1.7325;9.1934;13.7396;44.5097;16.8981;3.5791;1.2555;0.9083;8.0007;12;0;0;0
160;Han-Gang (Han River);11656000;10.3937;675.6757;6.1798;4.7003;9.3983;15.6956;3.2263;2.8393;5.0354;6.1362;8.3838;15.6635;63.6107;11;0;0;1
161;Guadalquivir;3947090;4.8193;12.9703;19.7447;47.9808;132.4748;343.2478;494.1784;548.2352;522.8575;436.3505;264.3832;33.3088;238.3793;5;1;0;6
162;San Joaquin ;1681380;5.9791;5.8303;36.0868;149.4313;289.7051;483.6142;575.5677;611.4535;619.0987;588.8786;447.1712;67.8311;323.3873;4;1;0;7
163;James ;909948;1.4181;1.8318;1.8219;2.5763;3.8401;6.3774;11.7747;18.6882;20.8571;15.5023;5.9899;2.6471;7.7771;12;0;0;0
164;Bravo;9249380;99.8352;593.1914;606.9206;299.0507;196.6735;265.5203;328.3067;262.6538;193.1332;223.7791;172.5347;177.0785;284.8898;1;0;4;7
165;Shinano. Chikuma;2132990;1.6119;2.1965;2.2185;0.9764;0.9867;2.5008;6.5511;18.6446;5.8533;1.9035;1.5422;1.6983;3.8903;12;0;0;0
166;Roanoke ;1471790;2.0216;2.5413;2.5691;4.2650;7.7776;13.6281;22.5980;33.3760;29.8914;31.2296;11.5492;4.3687;13.8180;12;0;0;0
167;Naktong;8178290;11.7602;21.9826;8.1241;6.3491;14.6878;40.7267;14.6850;14.7665;17.1394;7.2267;11.1726;17.5886;15.5174;12;0;0;0
168;Indus;212208000;270.7959;398.8750;411.0093;315.6796;166.9598;171.4230;135.8337;161.9062;256.3308;339.9180;328.2552;290.3750;270.6135;0;1;3;8
169;Tone;10010500;8.8940;31.9324;12.0587;7.9994;8.8675;15.6751;25.6082;42.6992;16.0653;6.7471;8.4982;12.1949;16.4366;12;0;0;0
170;Salinas;307941;65.8643;22.6341;14.6492;112.6020;378.0436;552.2125;622.6955;644.4752;645.7482;594.9864;502.3882;498.1959;387.8746;3;1;0;8
171;Pee Dee ;2599190;2.3264;2.7585;2.8212;4.6255;9.5098;16.2990;18.4061;23.8015;18.6572;19.6964;12.2404;4.7480;11.3242;12;0;0;0
172;Chelif;3854910;4.7836;7.9126;21.1215;55.0402;155.3315;314.1290;438.4401;501.3637;517.4367;429.2877;338.6147;50.1252;236.1322;5;0;1;6
173;Cape Fear;1625860;2.5888;3.1652;3.4626;6.3163;14.3185;21.4248;17.8820;19.0107;15.9212;17.8595;11.7286;5.6840;11.6135;12;0;0;0
174;Tenryu;1398320;1.9207;3.8599;2.1970;1.3396;1.5083;1.7639;2.5987;6.5571;2.1058;1.3370;1.7676;2.5592;2.4596;12;0;0;0
175;Santee ;3126590;9.8463;9.9750;10.5906;16.7028;29.8493;46.6598;56.6113;58.3447;61.9850;66.9924;53.2555;20.0463;36.7383;12;0;0;0
176;Kiso;1898990;2.4215;7.2415;4.4829;1.8622;1.8894;1.9053;2.4609;5.8783;2.4423;2.2243;2.5982;3.7542;3.2634;12;0;0;0
177;Yangtze(Chang Jiang);384680000;5.5283;17.2126;11.7748;11.5620;13.3125;8.5542;15.6841;17.0608;16.9491;3.7668;4.3236;7.2708;11.0833;12;0;0;0
178;Yodo;9644530;7.5438;14.9677;12.2609;11.3046;14.0340;14.1401;27.3315;69.7814;20.6915;12.8104;12.2940;12.6815;19.1534;12;0;0;0
179;Sebou;5479260;1.7819;9.9324;31.5372;100.3633;189.5124;244.0286;358.7259;404.5834;443.7186;415.5307;54.6944;4.5120;188.2434;5;1;1;5
180;Alabama River & Tombigbee;4334600;1.1688;1.0200;0.8986;1.2943;2.4599;4.5674;8.5748;15.1598;19.5147;27.8426;23.7343;3.2806;9.1263;12;0;0;0
181;Savannah ;1169380;1.9746;1.8903;1.8254;3.1089;6.3785;11.6685;20.1934;35.1206;22.5242;22.1579;12.7507;5.2044;12.0664;12;0;0;0
182;Gono (Go);401466;0.7303;1.3650;1.2623;1.2219;1.5958;1.5962;1.9689;9.4080;2.8538;2.1066;1.4572;1.2420;2.2340;12;0;0;0
183;Huai He;97812600;33.4197;71.5866;119.4559;188.0230;219.8403;180.7065;170.8470;175.0978;157.2574;61.7709;40.1425;55.1803;122.7773;5;1;5;1
184;Apalachicola;2955040;2.5999;1.9579;1.7538;3.2208;9.0261;24.4480;57.9332;118.4749;69.9666;84.7772;39.5737;7.3062;35.0865;11;1;0;0
185;Brazos;2820050;19.7793;27.7950;82.0398;85.4496;151.8955;336.8153;550.8470;588.0450;589.4493;528.1561;235.3045;33.1992;269.0646;5;0;1;6
186;Altamaha;2410710;4.6015;2.7306;2.4612;4.6898;10.7761;22.1374;57.8049;97.3083;71.5234;87.5740;86.8512;14.4416;38.5750;12;0;0;0
187;Mekong;57932400;12.3358;542.9847;498.2955;401.3573;106.0829;11.7486;3.8749;2.4673;1.3115;5.7499;16.6577;18.7187;135.1321;8;1;0;3
188;Colorado(Caribbean Sea);1667260;16.6459;17.2566;49.8600;63.7693;128.0822;312.8500;524.6241;575.8852;588.7752;532.6195;278.5448;30.8401;259.9794;5;1;0;6
189;Trinity(Texas);5421320;23.3551;16.8322;19.0178;16.7809;20.3936;50.2478;95.9932;135.5451;169.6865;219.2555;264.9780;53.7843;90.4892;8;1;1;2
190;Pearl ;622766;0.7954;0.7841;0.7407;0.9314;1.5158;2.7893;4.3945;7.0634;10.2373;16.0423;10.6245;2.0961;4.8346;12;0;0;0
191;Sabine ;574473;1.3129;1.1026;1.2626;1.9101;4.2617;9.2614;22.2782;26.7980;23.4671;27.3880;17.7125;4.9445;11.8083;12;0;0;0
192;Suwannee ;591333;1.4411;1.2149;1.3052;4.1156;17.1669;28.2970;24.0252;28.1527;13.7796;16.3179;8.7693;2.8865;12.2893;12;0;0;0
193;Yaqui;650988;404.2541;675.6755;675.6756;675.6756;675.6756;675.6756;250.5996;310.8147;503.2978;515.6314;485.9912;403.2406;521.0173;0;0;0;12
194;Nile;162346000;38.5270;354.7252;201.6237;86.4836;82.7682;48.2911;30.2173;19.8592;26.4915;45.5698;45.2959;34.9249;84.5648;10;0;0;2
195;Brahmaputra;67163100;1.6833;70.0130;23.8291;3.0296;0.7335;0.1694;0.3071;0.2151;0.4419;4.0634;7.2488;2.3632;9.5081;12;0;0;0
196;St.Johns ;2904720;19.4408;42.7819;39.7337;74.1969;162.0649;144.1655;26.5662;19.1254;9.9614;10.8456;22.4084;32.7319;50.3352;10;1;1;0
197;Nueces ;613863;675.6743;675.6749;675.6751;675.6755;675.6752;675.6753;675.6755;675.6755;675.6746;675.6746;675.6740;675.6750;675.6749;0;0;0;12
198;San Antonio ;915156;198.8614;240.6859;433.5750;341.8816;338.9698;514.4076;600.5378;613.2690;605.9256;603.3652;616.2703;272.7311;448.3734;0;0;1;11
199;Irrawaddy;33594300;1.1496;90.9567;55.0533;17.4552;4.9089;2.8269;0.6764;0.3952;1.2952;4.6669;2.4424;1.1483;15.2479;12;0;0;0
200;Fuerte;451617;4.3915;38.8037;148.9398;339.8166;448.0738;550.9719;126.1502;29.1728;14.4828;34.5163;18.9086;12.4246;147.2211;7;2;0;3
201;Xi Jiang;64672700;6.6942;27.7119;19.1185;18.3400;10.3819;3.5193;3.5946;3.5650;10.6248;2.8209;3.7413;7.2284;9.7784;12;0;0;0
202;Bei Jiang;20750800;14.1003;25.1564;4.6480;2.1680;2.6122;2.8824;10.4037;9.4536;17.4334;9.4659;14.2933;22.3420;11.2466;12;0;0;0
203;San Pedro;655008;5.1070;602.6954;649.7472;664.7234;669.8990;668.4536;13.4018;8.2431;11.4964;20.5754;9.2937;15.0474;278.2236;7;0;0;5
204;Dong Jiang;13460600;6.7918;55.2253;5.1972;2.1345;2.1079;1.9961;5.1450;3.7808;6.2448;4.1643;6.6615;10.6558;9.1754;12;0;0;0
205;Mahi ;11043000;132.7826;675.6757;675.6757;675.6757;675.6757;675.6746;4.7137;4.5698;12.7792;54.6350;73.8168;126.8988;315.7144;5;2;0;5
206;Damodar;28679500;127.5951;675.6756;675.6755;675.6754;675.6743;35.4953;19.2365;4.0380;5.4623;29.8462;106.9484;144.1211;264.6203;5;3;0;4
207;Niger;76930900;2.6902;675.6754;312.3036;39.4287;25.5809;7.6870;2.4866;0.8833;1.0640;2.1739;1.3634;2.5488;89.4905;10;0;0;2
208;Narmada;17017200;122.8058;675.6757;675.6757;675.6757;675.6757;459.4030;2.6223;2.1452;6.4262;33.2170;46.2384;125.6064;291.7639;5;2;0;5
209;Brahmani River (Bhahmani);12475600;34.6118;675.6754;675.6755;675.6754;675.6754;21.2191;3.0061;1.1463;2.5737;11.4115;32.7222;50.1750;238.2973;8;0;0;4
210;Mahanadi(Mahahadi);27697000;65.8328;675.6755;675.6755;675.6756;675.6756;241.5154;8.9781;1.5554;7.0487;36.8955;72.6433;92.4294;269.1334;7;0;0;5
211;Santiago;17991900;50.9682;675.3602;675.5849;675.6253;675.6277;215.7790;30.9512;15.1601;28.6112;81.6495;88.2003;109.2353;276.8961;6;1;0;5
212;Panuco;17860400;19.1964;669.4510;674.3028;674.8926;674.9985;111.3068;14.9464;15.1905;7.8169;14.7918;19.5689;38.4952;244.5798;7;1;0;4
213;Godavari;62327300;103.1021;675.6756;675.6756;675.6757;675.6757;461.9437;20.4729;9.7974;12.4645;48.3230;95.8224;147.1925;300.1518;5;2;0;5
214;Tapti ;16927600;111.2669;675.6757;675.6757;675.6757;675.6757;675.6751;13.4339;11.4919;19.4448;73.1863;104.4853;156.4100;322.3414;4;2;1;5
215;Sittang ;3191060;0.7687;675.6756;675.6753;675.6742;170.8964;4.5520;1.0907;0.3859;1.8621;4.5434;1.8346;0.8666;184.4855;8;0;1;3
216;Armeria;527007;28.8422;675.6755;675.6757;675.6757;675.6756;675.6751;675.6739;31.8112;3.6735;45.2147;79.7751;140.5961;365.3304;5;1;0;6
217;Ca;2652080;3.4704;86.4786;146.7855;239.4712;132.6064;16.1764;3.2780;0.7914;0.4695;0.8864;1.7911;3.2786;52.9570;9;2;0;1
218;Chao Phraya;26782400;59.7635;675.6756;675.6756;675.6756;453.2333;94.4499;117.4699;68.3993;30.5308;58.3648;185.2274;122.9915;268.1214;5;2;1;4
219;Krishna;76933400;245.3534;675.6757;675.6757;675.6757;675.6756;166.8924;41.7935;55.3102;99.5401;130.9926;244.5514;325.8470;334.4153;3;1;1;7
220;Senegal;5134070;8.0396;675.6757;675.6756;675.6755;675.6752;17.7970;6.7052;2.1256;2.5710;9.0557;14.4721;13.3435;231.4010;8;0;0;4
221;Papaloapan;2581550;1.5329;440.5472;590.3716;623.4348;632.2959;7.8466;1.5792;1.2527;0.6051;1.4407;2.0611;3.9618;192.2441;8;0;0;4
222;Grisalva;7036680;0.3823;5.2361;29.2770;49.2502;12.9115;0.8782;0.4151;0.5214;0.1952;0.2097;0.6696;1.5735;8.4600;12;0;0;0
223;Verde;862403;2.2286;675.6757;675.6757;675.6755;675.6752;127.9443;3.4983;1.5385;0.9856;1.5216;4.5604;8.8476;237.8189;7;1;0;4
224;Mae Klong;1568040;8.2570;675.6757;675.6756;675.6757;9.6270;1.6070;4.9898;5.6876;4.0035;3.4525;16.1126;15.9632;174.7273;9;0;0;3
225;Tranh (Nr Thu Bon);1024560;1.0979;55.0936;68.4557;126.8919;183.6169;49.4382;15.2173;5.0067;0.4364;0.2817;0.3373;0.7517;42.2188;10;1;1;0
226;Penner ;10924200;161.5024;675.6753;675.6755;675.6754;675.6749;675.6748;675.6754;675.6753;675.6754;265.5422;120.3981;193.6592;512.2086;0;1;2;9
227;Volta;19863000;1.8968;675.6756;78.6677;14.1039;3.6142;1.6694;1.0304;0.3397;0.2825;0.9439;1.4289;2.3877;65.1700;11;0;0;1
228;Lempa;4213240;4.7391;675.6755;675.6750;675.6755;257.6035;2.8078;0.9132;0.7368;0.4239;0.6771;3.3014;8.1138;192.1952;8;0;0;4
229;Gambia;1354970;0.2205;675.6757;675.6757;675.6757;675.6661;0.9998;0.5948;0.1389;0.1181;0.4125;0.2095;0.3437;225.4776;8;0;0;4
230;Grande De Matagalpa;546853;0.1582;3.3943;32.6235;78.4210;20.9298;0.1491;0.1184;0.2494;0.0814;0.0468;0.0571;0.2097;11.3699;12;0;0;0
231;Cauvery;35203300;109.6682;648.4223;668.8554;660.5701;630.2426;208.0887;205.5354;228.0259;280.7166;164.9089;100.8473;125.9844;335.9888;0;3;1;8
232;San Juan;3736210;0.9237;8.5666;33.1123;53.0572;4.7371;0.5343;0.5957;0.9572;0.5028;0.2510;0.3462;0.8002;8.6987;12;0;0;0
233;Geba;387732;3.2221;675.6752;675.6757;675.6757;675.6746;10.4641;0.4508;0.0222;0.0606;0.1320;2.5431;5.6993;227.1079;8;0;0;4
234;Corubal;540108;0.2189;675.6738;675.6741;675.6738;675.6605;0.4041;0.0306;0.0125;0.0176;0.0341;0.1710;0.3848;225.3296;8;0;0;4
235;Magdalena;25485800;0.6815;5.8794;8.4774;4.2997;2.9808;3.8586;9.2189;10.3930;3.3976;0.7356;0.5698;0.9080;4.2834;12;0;0;0
236;Comoe;2530920;4.1562;675.6728;675.6744;18.1049;4.7284;1.5534;1.9620;1.1383;0.7121;2.0015;4.1034;9.3130;116.5934;10;0;0;2
237;Orinoco;12007900;0.3478;3.7943;4.5939;1.2089;0.3039;0.2049;0.2704;0.4244;0.3875;0.1411;0.1738;0.6694;1.0434;12;0;0;0
238;Bandama;4221850;1.3532;675.6648;675.6698;28.3204;8.2374;0.5589;0.8432;0.2523;0.1088;0.3983;2.0230;4.8811;116.5259;10;0;0;2
239;Oueme;5845060;1.0520;675.6731;675.6651;83.1975;1.7886;0.3320;0.2583;0.2301;0.1676;0.2829;0.9581;1.9938;120.1333;10;0;0;2
240;Sassandra;3066420;0.2600;675.6600;675.6674;13.9575;3.5306;0.1650;0.0842;0.0627;0.0329;0.0779;0.3872;1.0923;114.2481;10;0;0;2
241;Shebelle;16003600;34.9067;612.4913;355.5055;3.6776;5.3756;69.1419;68.3314;30.8164;12.3147;11.2524;8.9919;30.4396;103.6038;10;0;0;2
242;Mono;1579850;1.6390;675.6757;14.9133;3.0690;1.1277;0.3899;0.3549;0.4332;0.2718;0.4218;1.0480;2.1007;58.4537;11;0;0;1
243;Congo;67996100;0.0191;0.0519;0.0391;0.0337;0.1042;0.2558;0.3015;0.2474;0.1807;0.1116;0.0369;0.0235;0.1171;12;0;0;0
244;Atrato;511458;0.0335;0.1299;0.1133;0.0791;0.0551;0.0506;0.0498;0.0490;0.0445;0.0417;0.0423;0.0538;0.0619;12;0;0;0
245;Cuyuni;145229;0.0096;0.0327;0.0457;0.0286;0.0098;0.0064;0.0067;0.0099;0.0200;0.0294;0.0274;0.0152;0.0201;12;0;0;0
246;Cavally;1042910;0.0490;1.2503;0.7671;0.2614;0.0524;0.0199;0.0316;0.0449;0.0200;0.0227;0.0385;0.0817;0.2199;12;0;0;0
247;Tano;1228240;0.3222;675.6661;3.1827;0.4467;0.1407;0.0551;0.1108;0.2517;0.1973;0.0975;0.1913;0.4607;56.7602;11;0;0;1
248;Cross;8986060;0.1989;675.6730;1.4163;0.5751;0.2708;0.1306;0.0782;0.0670;0.0526;0.0567;0.1553;0.3379;56.5844;11;0;0;1
249;Sanaga;3878220;0.1689;346.2430;2.8487;0.2589;0.0698;0.0455;0.0294;0.0231;0.0163;0.0190;0.1338;0.3246;29.1817;11;0;0;1
250;Pra;4090460;5.9948;675.6743;17.4438;2.3710;0.6686;0.2346;0.7046;1.7829;0.6619;0.2344;0.5039;4.2527;59.2106;11;0;0;1
251;Davo;588070;0.6617;675.6472;675.6561;50.0920;5.4919;0.0780;0.1887;0.6382;0.3093;0.2468;0.3811;1.3276;117.5599;10;0;0;2
252;Essequibo;54058;0.0021;0.0053;0.0049;0.0035;0.0015;0.0008;0.0009;0.0013;0.0026;0.0043;0.0055;0.0033;0.0030;12;0;0;0
253;Kelantan;628031;5.4791;33.7696;2.6244;1.4121;1.8227;3.2957;4.6835;4.4899;11.3713;3.8726;1.7174;0.8959;6.2862;12;0;0;0
254;Corantijn;114915;0.0204;0.0323;0.0157;0.0075;0.0032;0.0022;0.0080;0.0205;0.1532;0.1514;0.0883;0.0493;0.0460;12;0;0;0
255;Coppename;14206;0.0032;0.0036;0.0033;0.0024;0.0012;0.0011;0.0013;0.0022;0.0043;0.0072;0.0120;0.0157;0.0048;12;0;0;0
256;Kinabatangan;230078;0.0417;0.1170;0.1495;0.1524;0.1564;0.0914;0.1331;0.1118;0.1099;0.0911;0.0927;0.0615;0.1090;12;0;0;0
257;Maroni;35367;0.0011;0.0010;0.0008;0.0006;0.0004;0.0004;0.0006;0.0010;0.0020;0.0032;0.0054;0.0078;0.0020;12;0;0;0
258;San Juan (Columbia - Pacific);480299;0.0817;0.2906;0.5444;0.3547;0.3394;0.4321;0.8079;0.8017;0.3057;0.1177;0.0962;0.1274;0.3583;12;0;0;0
259;Amazonas;24646600;0.0474;0.0583;0.0602;0.1461;0.2005;0.1929;0.2263;0.4791;0.6064;0.4216;0.2495;0.0907;0.2316;12;0;0;0
260;Pahang;1771880;1.8543;3.7764;0.6960;0.5536;0.6216;1.8039;3.9506;3.8633;7.1287;1.9166;1.2968;0.7561;2.3515;12;0;0;0
261;Nyong;1096870;0.0496;675.6446;0.1624;0.0543;0.0344;0.0416;0.0896;0.0923;0.0257;0.0184;0.0368;0.0753;56.3604;11;0;0;1
262;Oyapock;10588;0.0007;0.0008;0.0006;0.0005;0.0005;0.0005;0.0009;0.0015;0.0027;0.0045;0.0075;0.0053;0.0022;12;0;0;0
263;Rajang;317541;0.0337;0.0236;0.0143;0.0135;0.0142;0.0178;0.0216;0.0217;0.0348;0.0204;0.0273;0.0434;0.0239;12;0;0;0
264;Ntem;406302;0.0443;11.0546;0.2040;0.0553;0.0345;0.0495;0.1131;0.1901;0.0574;0.0202;0.0280;0.0631;0.9928;12;0;0;0
265;Ogooue;605645;0.0132;0.0361;0.0152;0.0073;0.0069;0.0232;0.0773;0.2070;0.1682;0.0276;0.0052;0.0097;0.0497;12;0;0;0
266;Rio Araguari;30047;0.0026;0.0023;0.0018;0.0015;0.0015;0.0017;0.0029;0.0050;0.0090;0.0149;0.0247;0.0311;0.0083;12;0;0;0
267;Mira;616715;1.3675;1.8240;1.3023;0.9616;0.9370;1.4622;5.0426;10.1169;7.0269;2.6192;2.1495;1.8466;3.0547;12;0;0;0
268;Esmeraldas;2570700;2.4775;1.3241;0.7395;0.5640;0.9415;2.3105;10.0075;30.5209;33.0273;15.4778;16.0838;6.7447;10.0183;12;0;0;0
269;Tana;4247120;19.2127;375.8837;48.1058;0.9774;0.6521;4.1596;16.9985;35.9034;57.1415;23.4372;2.4377;6.9134;49.3186;11;0;0;1
270;Daule & Vinces;3751960;13.9686;3.3430;1.4815;1.1059;4.4798;16.3902;60.6700;139.6644;158.9934;85.4623;143.8609;89.1320;59.8794;9;2;1;0
271;Rio Gurupi;223991;0.2029;0.0453;0.0199;0.0206;0.0281;0.0531;0.0896;0.1751;0.2895;0.4326;0.6547;0.9705;0.2485;12;0;0;0
272;Rio Capim;571249;0.1572;0.0420;0.0268;0.0297;0.0400;0.0635;0.0931;0.1589;0.2984;0.4849;0.8036;1.1830;0.2818;12;0;0;0
273;Tocantins;4743730;0.1061;0.0878;0.0751;0.2189;0.2758;0.5937;1.1836;2.1437;2.6125;1.4003;0.3280;0.1305;0.7630;12;0;0;0
274;Kouilou;807229;0.0100;0.0168;0.0100;0.0074;0.0536;0.7136;1.6943;3.4664;5.8734;7.5137;0.2821;0.0131;1.6379;12;0;0;0
275;Nyanga;30486;0.0054;0.0091;0.0067;0.0060;0.0120;0.0235;0.0388;0.0643;0.1065;0.1762;0.0091;0.0078;0.0388;12;0;0;0
276;Rio Parnaiba;3699600;1.7971;0.7677;0.3177;0.4782;2.2212;5.7951;10.9900;20.0542;30.8995;42.6523;41.5831;10.4016;13.9965;12;0;0;0
277;Rio Itapecuru;970703;6.1615;0.3755;0.1323;0.1500;0.5581;1.3908;2.6008;4.4310;6.4331;8.5553;9.1479;12.4667;4.3669;12;0;0;0
278;Rio Acarau;461902;15.8625;12.7158;0.3593;0.2234;0.7741;4.4087;8.5772;17.5252;32.1879;48.1271;67.4395;89.0113;24.7677;12;0;0;0
279;Pangani;2174380;88.2215;472.8166;294.6398;33.2641;24.0884;120.0783;223.4145;202.5709;259.5573;287.4497;123.4709;107.9109;186.4569;3;3;0;6
280;Rio Pindare;516722;0.9264;0.0941;0.0455;0.0482;0.0861;0.1866;0.3439;0.5884;0.9674;1.5131;2.2514;3.6318;0.8903;12;0;0;0
281;Sepik;785225;0.0022;0.0036;0.0027;0.0028;0.0037;0.0046;0.0051;0.0051;0.0045;0.0043;0.0043;0.0038;0.0039;12;0;0;0
282;Rio Mearim;932065;1.4793;0.1622;0.0757;0.1021;0.2560;0.6420;1.1831;2.0247;3.2475;4.8225;5.7084;8.7104;2.3678;12;0;0;0
283;Chira;651347;174.6999;33.9354;6.3394;8.7798;40.3058;68.8075;165.3222;306.1386;369.0289;355.5859;492.7430;526.3405;212.3356;5;0;2;5
284;Rufiji;4582130;2.4406;1.0543;0.4023;0.8508;4.4086;4.4748;5.1931;7.7746;12.0128;16.8223;13.6279;6.8470;6.3258;12;0;0;0
285;Rio Jaguaribe;2096590;68.8366;466.7195;2.4304;1.6979;7.9839;20.5539;38.2575;76.3461;133.2660;183.4794;218.7694;253.3118;122.6377;7;1;1;3
286;Purari;797242;0.0047;0.0080;0.0064;0.0063;0.0075;0.0095;0.0113;0.0109;0.0087;0.0092;0.0092;0.0079;0.0083;12;0;0;0
287;Ruvu;699351;15.2213;8.1296;2.0866;0.4224;1.8886;4.0788;6.9238;13.5320;21.0324;28.3475;28.9166;12.0853;11.8887;12;0;0;0
288;Rio Paraiba;1211910;32.7233;675.6733;420.0547;12.3624;5.7990;2.8894;5.2031;14.3150;49.8369;79.9357;110.4506;137.1682;128.8676;8;2;0;2
289;Solo (Bengawan Solo);11102900;58.3992;20.0205;7.9293;0.8994;2.2037;14.2910;46.6175;108.2436;230.0418;242.2164;549.0959;78.4498;113.2007;8;1;0;3
290;Sao Francisco;12442500;0.4975;1.2217;2.0719;6.2990;13.0405;12.1858;13.3456;25.2916;53.3544;47.5678;5.9127;1.0704;15.1549;12;0;0;0
291;Brantas;8995650;50.2390;14.9720;5.4566;1.0062;2.0734;11.0350;43.0118;107.2374;216.3039;199.4313;528.4865;96.6738;106.3272;8;1;1;2
292;Santa;451672;4.8787;4.1867;4.5013;22.4432;43.6664;66.9804;89.0366;188.7395;275.8517;76.8814;34.9435;12.5740;68.7236;10;0;1;1
293;Zambezi;31680200;0.1293;0.1102;0.2331;1.3208;3.2198;5.6709;11.1580;25.5249;49.8170;67.4901;38.8983;0.7894;17.0301;12;0;0;0
294;Rio Vaza-Barris;421962;47.1500;675.6751;675.6735;675.6738;15.4400;5.3401;5.1094;11.2700;31.2962;47.9492;55.3091;78.5342;193.7017;9;0;0;3
295;Rio Itapicuru;958302;23.2680;675.6657;675.6663;219.8450;16.3850;5.4203;2.5623;5.7552;16.4367;27.7379;32.5217;47.0646;145.6940;9;0;0;3
296;Rio Paraguacu;1628730;7.6704;14.0149;10.9471;8.5148;5.1391;5.2088;4.1237;10.1434;22.4711;31.1152;21.4192;20.3676;13.4279;12;0;0;0
297;Canete;121491;4.9261;3.8108;7.0143;25.7931;56.2745;67.2111;78.7459;152.3570;214.0894;65.1895;34.8903;13.0981;60.2833;10;0;1;1
298;Rio De Contas;1401840;9.8947;26.3594;19.3951;14.9852;20.4628;20.8767;25.1751;57.5198;102.6657;114.9763;29.8845;16.8139;38.2508;10;2;0;0
299;Roper ;4047;0.0116;0.0028;0.0321;0.5520;1.3942;2.1681;3.8012;7.2841;12.9356;18.7131;12.1980;3.5788;5.2226;12;0;0;0
300;Daly;14918;0.0208;0.0057;0.0298;0.4878;1.2276;1.9815;3.4464;6.3148;11.1303;15.1508;7.8003;2.2804;4.1563;12;0;0;0
301;Drysdale;2146;0.0833;0.0077;0.0081;0.0227;0.0375;0.0621;0.1028;0.1701;0.2816;0.4662;0.7715;1.2768;0.2742;12;0;0;0
302;Parana;67514000;1.7575;1.9263;1.7004;3.0949;2.8060;4.0867;8.6645;13.4237;11.3002;7.1899;4.2850;1.8313;5.1722;12;0;0;0
303;Durack;2230;116.4511;1.2153;1.3806;3.8102;6.2805;10.3353;16.9429;27.5985;44.5008;70.6311;109.1528;163.7028;47.6668;9;2;1;0
304;Rio Prado;612921;0.6076;2.0205;1.7438;2.0883;4.4410;4.8956;6.4880;15.4129;29.0811;36.5853;4.8304;0.8814;9.0897;12;0;0;0
305;Victoria ;1365;9.2937;0.0681;0.0993;0.2545;0.4213;0.6973;1.1537;1.9080;3.1532;5.2048;8.5737;14.0740;3.7418;12;0;0;0
306;Mitchell(N. Au);24393;0.1582;0.0210;0.0625;0.7574;1.9291;3.1371;5.6061;10.8940;20.7780;33.3659;33.2746;23.1982;11.0985;12;0;0;0
307;Majes;102829;1.8541;1.1713;1.2730;7.1602;14.1027;11.8875;13.0938;32.4381;68.5776;67.5880;60.2720;3.7370;23.5963;12;0;0;0
308;Ord;2473;187.4022;0.6472;31.4538;492.6930;604.2727;641.0176;658.8949;666.9659;670.7995;672.0764;671.7298;637.3952;494.6123;2;0;1;9
309;Jequitinhonha;887101;0.1124;0.4506;0.5438;1.1624;2.2427;3.5666;5.8719;11.6911;19.9807;17.9190;0.8099;0.1356;5.3739;12;0;0;0
310;Macarthur ;542;1.4032;0.5125;0.0099;0.0380;0.0629;0.1041;0.1723;0.2853;0.4722;0.7815;1.2928;2.1378;0.6060;12;0;0;0
311;Fitzroy ;5856;1.0917;0.0134;0.0126;0.0422;0.0700;0.1143;0.1945;0.3345;0.5653;0.9424;1.4660;2.1022;0.5791;12;0;0;0
312;Gilbert ;2708;0.0201;0.0025;0.0307;0.2243;0.3749;0.5382;0.9487;1.8899;3.5926;5.9015;6.6340;5.6811;2.1532;12;0;0;0
313;Mucuri;300173;0.1497;0.8457;1.1463;1.7572;3.1161;5.5901;7.9047;19.9405;30.9097;30.9969;1.2615;0.1796;8.6498;12;0;0;0
314;Rio Doce;3858470;0.1595;1.0755;1.2154;2.6458;5.7751;12.5936;26.1170;49.6085;65.1541;80.4818;1.3040;0.2030;20.5278;12;0;0;0
315;Save;3185290;1.5960;1.0893;2.5484;10.7342;14.4194;27.7717;52.4642;149.7387;253.8579;283.6111;189.6368;10.7908;83.1882;8;1;1;2
316;Burdekin;69307;0.7752;0.1454;0.8296;4.2433;6.7094;10.9123;21.5235;43.0089;82.5870;128.6848;143.4621;86.8582;44.1450;10;2;0;0
317;Tsiribihina;2396510;3.1522;2.1641;4.8643;20.4832;12.2018;1.2696;1.9941;3.3839;5.8470;10.0308;4.6400;3.4502;6.1235;12;0;0;0
318;Buzi;1034320;0.1300;0.0440;0.1512;1.2956;2.7059;4.3122;7.4987;18.7498;39.2685;60.4391;41.7130;3.1325;14.9534;12;0;0;0
319;Loa;195523;674.4448;472.1909;607.8330;632.4686;648.4432;659.2330;665.8354;670.1252;672.4545;673.7322;674.3757;674.8878;643.8354;0;0;0;12
320;Limpopo;15637400;26.2870;20.3005;39.1750;74.6057;78.3268;125.2193;211.3371;374.0882;491.6445;526.7694;454.1434;146.5567;214.0378;5;2;0;5
321;De Grey;5408;672.7772;673.7507;674.4039;674.3645;675.1990;675.6690;675.6757;675.6757;675.6757;675.6757;675.6757;674.0889;674.8860;0;0;0;12
322;Paraiba Do Sul;6927710;0.5483;0.9624;1.2865;3.2467;4.5883;8.6873;17.3242;30.5797;28.1061;12.2260;2.7246;0.8279;9.2590;12;0;0;0
323;Fortescue ;4790;674.5364;674.1375;673.6447;674.8881;675.4909;675.5005;675.6757;675.6547;675.6757;675.6757;675.6757;674.4168;675.0810;0;0;0;12
324;Mangoky;587027;9.9129;6.7411;13.8310;34.7203;18.6365;5.2827;6.9149;11.1760;18.1266;32.9155;19.8911;19.1208;16.4391;12;0;0;0
325;Fitzroy;149743;42.3454;2.5328;10.9273;26.6818;31.0640;37.8992;75.6954;147.9544;261.0738;356.1580;392.4099;411.6918;149.7028;7;1;0;4
326;Orange;12665700;32.8642;49.7104;53.4935;61.9032;51.6015;101.6656;186.0131;305.7296;382.7930;324.3907;135.1996;62.5468;145.6593;6;2;1;3
327;Ashburton;4969;673.4873;672.9598;672.0020;673.6575;675.4399;674.7150;675.5395;675.4329;675.6757;675.6757;675.6757;675.2947;674.6296;0;0;0;12
328;Gascoyne ;2333;674.8632;674.9795;674.8524;675.1512;675.6757;674.8473;675.5338;675.0089;675.6124;675.6757;675.6757;675.6380;675.2928;0;0;0;12
329;Rio Ribeira Do Iguape;2463300;0.4955;0.6252;0.7523;1.3299;1.4195;1.3115;1.9425;2.4326;1.7460;1.2108;1.3930;1.0933;1.3127;12;0;0;0
330;Incomati;2416140;3.2429;4.4857;8.6634;28.0364;36.3277;60.4590;107.8731;211.2914;328.4360;347.8524;64.4914;11.3213;101.0401;8;1;0;3
331;Murray;2348090;313.1940;590.5329;558.6605;383.2971;110.0151;32.8968;29.4332;46.0665;84.0121;135.1662;215.7873;306.1292;233.7659;4;2;0;6
332;Murchison ;4823;675.3872;675.5117;675.0409;675.2079;675.5240;674.6891;675.6757;675.2720;675.5262;675.6558;675.6390;675.6757;675.4004;0;0;0;12
333;Maputo;1264770;0.8962;1.2957;5.1801;24.9260;42.8674;77.8780;128.1391;247.7764;350.9579;402.6263;60.9584;10.5749;112.8397;8;1;0;3
334;Uruguay;5047190;21.4671;26.8667;6.4756;0.3270;0.1328;0.1185;0.1430;0.2204;0.1872;1.8847;8.6617;17.9928;7.0398;12;0;0;0
335;Tugela;1784420;8.4649;20.5303;34.3064;42.8165;43.9071;71.9421;142.3818;257.8979;341.0814;321.5249;148.4465;17.7059;120.9171;7;2;0;3
336;Colorado (Argentinia);3267980;23.4825;184.8779;233.5774;168.2108;47.2207;19.5317;37.4520;63.7277;93.5580;44.7878;36.4664;29.3826;81.8563;9;0;2;1
337;Rio Jacui;2577790;25.8790;21.9339;8.2311;0.3012;0.2182;0.1836;0.1990;0.2086;0.1909;2.7394;12.1493;23.4607;7.9746;12;0;0;0
338;Huasco;25972;4.7782;20.3041;29.5344;26.4111;31.5862;78.3115;131.7629;312.1076;474.2243;551.7213;481.9567;7.3783;179.1731;7;1;0;4
339;Limari;141848;139.9159;100.5135;186.4540;103.0468;98.2377;20.2110;36.2739;139.8417;384.1582;509.8300;539.3160;267.2765;210.4229;3;4;1;4
340;Negro (Uruguay);531221;29.7743;230.5629;25.1088;0.5676;0.0372;0.0255;0.0262;0.0263;0.0275;0.4093;5.7794;19.1204;25.9555;11;0;0;1
341;Groot-Vis;299461;675.6744;675.6753;675.6753;675.6752;675.6756;675.6755;675.6755;675.6755;675.6755;675.6754;675.6749;675.6754;675.6753;0;0;0;12
342;Salado;1880050;15.1703;641.7866;87.2711;2.6498;1.1305;1.0931;1.4193;1.7429;2.5565;2.2500;2.4991;5.0147;63.7153;11;0;0;1
343;Blackwood;27692;4.2553;675.6735;675.6716;675.6729;675.6757;0.9701;0.1109;0.0761;0.1436;1.1992;3.5819;7.4110;226.7035;8;0;0;4
344;Rapel;740153;71.9134;258.6146;280.9435;108.0733;2.6210;0.4377;0.4399;1.3898;14.3699;54.4493;68.4283;66.2961;77.3314;9;1;0;2
345;Negro (Argentinia);709780;4.6225;114.5823;24.2157;3.7739;0.4160;0.1451;0.1802;0.4059;0.8636;1.5007;3.3247;6.6473;13.3898;11;1;0;0
346;Biobio;655158;9.3906;259.0017;19.4113;2.1306;0.7821;0.5967;0.5869;0.6613;1.4397;2.6659;1.6334;7.5106;25.4842;11;0;0;1
347;Waikato ;322699;0.3328;1.0146;1.9248;0.7785;0.3036;0.2348;0.2385;0.2485;0.2777;0.2849;0.3673;0.5520;0.5465;12;0;0;0
348;South Esk ;55674;11.7021;434.2671;427.5318;53.5044;6.9091;0.5809;0.1452;0.3988;2.1204;5.0508;9.6303;21.7726;81.1345;10;0;0;2
349;Chubut;211573;2.7257;65.3402;31.0141;9.6363;1.2583;0.2767;0.3051;0.6037;1.4339;3.2425;5.7976;9.3494;10.9153;12;0;0;0
350;Clutha;33929;1.2345;20.4574;18.4430;8.0888;1.1902;0.1471;0.1470;0.6392;3.9747;5.4799;8.6757;8.1475;6.3854;12;0;0;0
351;Baker;14456;0.0066;0.0526;0.0490;0.0197;0.0075;0.0053;0.0053;0.0073;0.0163;0.0364;0.0388;0.0435;0.0240;12;0;0;0
352;Santa Cruz;10013;0.0088;0.1777;0.1568;0.0403;0.0109;0.0050;0.0057;0.0075;0.0142;0.0281;0.0656;0.0797;0.0500;12;0;0;0
353;Ganges;454094000;204.4411;639.4690;605.3067;482.1237;389.0013;99.6327;25.0663;9.2684;18.8839;78.7413;173.6638;172.0857;241.4737;5;0;2;5
354;Salween;6599400;1.1302;111.0741;29.3610;24.1507;12.4901;3.1144;0.8121;0.4990;0.8664;1.2825;1.0341;1.2215;15.5863;11;1;0;0
355;Hong(Red River);25632200;9.0811;587.9727;508.9163;426.6415;164.8745;17.3095;3.1196;1.9813;2.3366;1.8593;3.6137;8.7656;144.7060;8;0;1;3
356;Lake Chad;34285300;9.0124;673.4276;674.4054;535.4575;86.7453;19.3313;2.1365;0.3348;0.6220;2.0351;3.0502;7.0865;167.8037;9;0;0;3
357;Okavango;1774000;0.1043;0.0724;0.0788;0.2923;0.6630;1.1260;2.1253;4.5283;8.7200;13.3841;11.7382;0.8349;3.6390;12;0;0;0
358;Tarim;9311040;95.8349;672.6885;675.1602;670.0141;412.7105;250.3262;230.9349;292.5217;363.0419;212.4870;163.1360;118.8740;346.4775;1;1;1;9
359;Horton ;36;0.0097;0.3755;0.6214;1.0283;0.0015;0.0004;0.0013;0.0022;0.0036;0.0060;0.0099;0.0164;0.1730;12;0;0;0
360;Hornaday ;54;0.0145;25.7006;41.5101;66.0803;102.7594;0.0010;0.0012;0.0026;0.0049;0.0081;0.0134;0.0222;19.6765;11;1;0;0
361;Conception;192706;675.6757;675.6757;675.6755;675.6755;675.6756;675.6757;675.6746;675.6753;675.6750;675.6756;675.6757;675.6746;675.6754;0;0;0;12
362;Ulua;2716130;2.1283;33.2055;136.7360;245.3472;251.2633;5.9008;1.0315;0.6504;0.2439;0.1589;0.3202;2.1122;56.5915;9;1;0;2
363;Patacua;537974;0.1999;1.3443;8.9439;21.7591;18.3719;2.8444;0.3728;0.1624;0.1003;0.0343;0.0465;0.2225;4.5335;12;0;0;0
364;Coco;694398;0.1255;2.0310;8.3508;17.1824;5.8016;0.0852;0.0433;0.0463;0.0390;0.0284;0.0418;0.1252;2.8250;12;0;0;0
365;Ocona;68271;1.2874;1.1409;1.4107;11.3676;22.3827;17.3298;17.0950;41.8566;87.2211;32.5782;17.3791;3.2915;21.1950;12;0;0;0
366;Cuanza;2845470;0.0419;0.0779;0.0359;0.0377;0.1842;0.6321;1.2781;3.0681;5.7417;8.2183;3.2695;0.1461;1.8943;12;0;0;0
367;Cunene;1370200;0.0505;0.0418;0.0165;0.0367;0.1464;0.3039;0.5684;1.1026;1.8648;2.1089;1.5262;0.1545;0.6601;12;0;0;0
368;Doring;167084;153.1973;675.6757;675.6755;675.6753;675.6749;13.0879;7.0137;19.0497;81.0016;213.8185;264.2183;325.8076;314.9913;4;0;1;7
369;Gamka;278648;20.7730;453.7032;307.0933;157.9746;90.0574;60.7700;50.2047;45.0117;70.2177;107.3440;72.6695;104.5300;128.3624;7;2;1;2
370;Groot- Kei;873587;454.0911;456.3257;204.9661;192.0700;285.7526;377.9932;490.5297;575.4422;628.2712;648.2796;611.6115;569.3782;457.8926;0;0;1;11
371;Lurio;1250340;0.0046;0.0034;0.0035;0.0131;0.0276;0.0455;0.0813;0.1645;0.3147;0.5250;0.5213;0.0528;0.1464;12;0;0;0
372;Messalo;288385;0.0053;0.0027;0.0023;0.0047;0.0139;0.0233;0.0643;0.1706;0.3824;0.6334;0.2569;0.3399;0.1583;12;0;0;0
373;Rovuma;1993910;0.0202;0.0091;0.0065;0.0204;0.0656;0.0789;0.1194;0.2289;0.4089;0.6877;0.7730;0.3206;0.2283;12;0;0;0
374;Galana;5589040;10.9165;281.5583;30.5241;0.9284;1.0042;4.5320;13.5066;24.5948;38.0919;55.0147;4.4509;5.3556;39.2065;11;0;0;1
375;Pyasina;244329;0.4915;47.0906;74.5599;115.1182;171.4470;0.0270;0.0818;0.1235;0.1283;0.2842;0.4704;0.7784;34.2167;10;1;1;0
376;Popigay;845;0.0094;0.9669;1.5994;2.6441;4.3665;0.0004;0.0011;0.0019;0.0032;0.0054;0.0090;0.0149;0.8019;12;0;0;0
377;Fuchun Jiang;10914100;3.7448;2.3870;1.4455;2.3731;3.9030;2.3228;24.8749;32.6997;38.4521;11.5320;7.3822;8.2303;11.6123;12;0;0;0
378;Min Jiang;9729770;2.3885;1.8038;0.6328;0.7000;0.7652;0.7984;9.5136;9.5344;10.9399;2.7864;3.4774;4.7848;4.0104;12;0;0;0
379;Han Jiang;9672140;9.7869;21.7308;3.3061;2.3554;2.3545;2.3018;12.2656;9.2942;12.4331;6.6124;9.9011;15.1884;8.9609;12;0;0;0
380;Mamberamo;442054;0.0040;0.0066;0.0049;0.0054;0.0063;0.0079;0.0073;0.0078;0.0073;0.0097;0.0088;0.0072;0.0069;12;0;0;0
381;Lorentz;16096;0.0045;0.0051;0.0044;0.0048;0.0065;0.0089;0.0081;0.0090;0.0068;0.0118;0.0083;0.0086;0.0072;12;0;0;0
382;Eilanden;55731;0.0015;0.0025;0.0021;0.0021;0.0022;0.0024;0.0025;0.0026;0.0025;0.0031;0.0031;0.0025;0.0024;12;0;0;0
383;Uwimbu;58827;0.0009;0.0017;0.0015;0.0015;0.0019;0.0027;0.0036;0.0041;0.0038;0.0038;0.0032;0.0019;0.0026;12;0;0;0
384;Sungai Kajan;92999;0.0192;0.0152;0.0025;0.0021;0.0020;0.0025;0.0030;0.0029;0.0432;0.0315;0.0077;0.0202;0.0127;12;0;0;0
385;Sungai Mahakam;891886;0.0431;0.0521;0.0142;0.0097;0.0117;0.0144;0.0369;0.0538;0.2843;0.1523;0.0606;0.0393;0.0644;12;0;0;0
386;Sungai Kapuas;1606700;0.0191;0.0289;0.0162;0.0147;0.0171;0.0227;0.0340;0.0372;0.0618;0.0271;0.0187;0.0186;0.0263;12;0;0;0
387;Batang Kuantan;1519730;2.8211;3.0608;0.2400;0.2084;0.3146;1.0426;2.3173;2.9105;9.9064;5.1021;2.7841;1.9424;2.7208;12;0;0;0
388;Batang Hari;2049480;0.8612;0.9287;0.0969;0.0792;0.1676;0.4931;0.9628;1.4025;3.6364;2.0243;1.0064;0.6505;1.0258;12;0;0;0
389;Flinders ;6334;16.4188;0.1479;2.3064;6.2021;9.3989;12.8657;23.1964;45.3361;83.9322;128.9076;149.4369;159.4244;53.1311;9;2;1;0
390;Leichhardt ;6430;0.2065;0.1982;1.0076;2.2161;3.5819;5.3255;9.2949;17.1238;30.4700;48.5751;63.4573;76.7928;21.5208;12;0;0;0
391;Escaut (Schelde);9448070;10.5740;20.2440;23.6613;30.4949;56.0009;99.7116;163.8537;244.0545;292.3902;227.4405;38.2835;19.1539;102.1553;8;0;1;3
392;Issyk-Kul;3325290;6.4377;39.8246;1.3156;12.5627;38.5639;69.1434;108.5862;204.1123;227.2760;165.3870;31.0648;11.4322;76.3089;8;1;1;2
393;Balkhash;5182190;14.4406;675.6757;6.0052;21.7479;44.9506;77.6184;157.1146;261.8551;300.4459;179.9099;17.4527;23.2170;148.3695;7;0;2;3
394;Eyre Lake;86249;674.3073;674.7129;675.4052;675.5506;675.6234;675.6234;675.6616;675.6513;675.6459;675.6263;675.5155;675.3102;675.3861;0;0;0;12
395;Lake Mar Chiquita;4096920;75.0833;61.2397;24.5206;42.4430;41.9168;74.2884;154.8408;268.7374;410.8614;324.0478;235.4769;112.5411;152.1664;6;1;1;4
396;Lake Turkana;8701300;4.0102;675.6729;34.6764;0.5005;0.3998;0.2868;0.2343;0.4719;0.6393;0.7622;0.9919;3.0301;60.1397;11;0;0;1
397;Dead Sea;6149610;4.1131;7.7788;51.5262;214.3257;371.6238;444.3434;531.1691;573.7264;568.3607;568.8242;531.6836;68.5694;328.0037;4;0;0;8
398;Suriname;102802;0.0166;0.0190;0.0174;0.0125;0.0077;0.0073;0.0092;0.0150;0.0300;0.0499;0.0826;0.0691;0.0280;12;0;0;0
399;Lake Titicaca;2690710;3.8339;3.3416;3.0617;4.2793;4.7054;7.1890;9.4926;14.4444;18.3273;13.4872;15.3962;5.8656;8.6187;12;0;0;0
400;Lake Vattern;405048;3.2906;675.6757;0.5556;0.6713;1.7349;3.6514;7.3175;11.3250;11.8803;4.4041;1.8303;4.1894;60.5438;11;0;0;1
401;Great Salt Lake;2224190;86.3922;23.8773;37.9263;69.3490;103.8457;229.3599;368.6795;422.2226;417.9784;408.9415;235.0614;99.9358;208.6308;5;1;0;6
402;Lake Taymur;6188;0.0081;157.0790;225.6940;306.5597;391.1833;0.0004;0.0009;0.0018;0.0023;0.0045;0.0075;0.0124;90.0462;8;0;1;3
403;Daryacheh-Ye Orumieh;4306830;13.2194;37.5978;33.2275;27.3501;32.7817;90.7096;172.8032;266.8108;271.1349;206.4550;65.4205;32.5219;104.1694;8;0;1;3
404;Van Golu;893956;3.5935;675.6757;3.9109;0.8077;3.1849;18.9333;29.9880;51.1923;59.5154;20.0438;3.5220;6.1803;73.0456;11;0;0;1
405;Ozero Sevan;412357;58.7163;675.6757;143.7254;7.7445;8.3609;41.9546;105.3181;174.5054;159.6708;78.9532;40.2273;88.2488;131.9251;7;2;2;1
